RegionCode,Area,Year,Series,ValueString,Footnotes,Source,value
1,"Total, all countries or areas",2020,Sex ratio (males per 100 females),101.2,,"United Nations Population Division, New York, World Population Prospects: The 2022 Revision; supplemented by data from the United Nations Statistics Division, New York, Demographic Yearbook 2020 and Secretariat for the Pacific Community (SPC) for small countries or areas, last accessed July 2022.",101.2
2,Africa,2020,Sex ratio (males per 100 females),99.7,,"United Nations Population Division, New York, World Population Prospects: The 2022 Revision; supplemented by data from the United Nations Statistics Division, New York, Demographic Yearbook 2020 and Secretariat for the Pacific Community (SPC) for small countries or areas, last accessed July 2022.",99.7
15,Northern Africa,2020,Sex ratio (males per 100 females),101.9,,"United Nations Population Division, New York, World Population Prospects: The 2022 Revision; supplemented by data from the United Nations Statistics Division, New York, Demographic Yearbook 2020 and Secretariat for the Pacific Community (SPC) for small countries or areas, last accessed July 2022.",101.9
202,Sub-Saharan Africa,2020,Sex ratio (males per 100 females),99.2,,"United Nations Population Division, New York, World Population Prospects: The 2022 Revision; supplemented by data from the United Nations Statistics Division, New York, Demographic Yearbook 2020 and Secretariat for the Pacific Community (SPC) for small countries or areas, last accessed July 2022.",99.2
14,Eastern Africa,2020,Sex ratio (males per 100 females),98.3,,"United Nations Population Division, New York, World Population Prospects: The 2022 Revision; supplemented by data from the United Nations Statistics Division, New York, Demographic Yearbook 2020 and Secretariat for the Pacific Community (SPC) for small countries or areas, last accessed July 2022.",98.3
17,Middle Africa,2020,Sex ratio (males per 100 females),98.9,,"United Nations Population Division, New York, World Population Prospects: The 2022 Revision; supplemented by data from the United Nations Statistics Division, New York, Demographic Yearbook 2020 and Secretariat for the Pacific Community (SPC) for small countries or areas, last accessed July 2022.",98.9
18,Southern Africa,2020,Sex ratio (males per 100 females),94.8,,"United Nations Population Division, New York, World Population Prospects: The 2022 Revision; supplemented by data from the United Nations Statistics Division, New York, Demographic Yearbook 2020 and Secretariat for the Pacific Community (SPC) for small countries or areas, last accessed July 2022.",94.8
11,Western Africa,2020,Sex ratio (males per 100 females),101.1,Including Saint Helena.,"United Nations Population Division, New York, World Population Prospects: The 2022 Revision; supplemented by data from the United Nations Statistics Division, New York, Demographic Yearbook 2020 and Secretariat for the Pacific Community (SPC) for small countries or areas, last accessed July 2022.",101.1
19,Americas,2020,Sex ratio (males per 100 females),97.6,Calculated by the UN Statistics Division.,"United Nations Population Division, New York, World Population Prospects: The 2022 Revision; supplemented by data from the United Nations Statistics Division, New York, Demographic Yearbook 2020 and Secretariat for the Pacific Community (SPC) for small countries or areas, last accessed July 2022.",97.6
21,Northern America,2020,Sex ratio (males per 100 females),98.3,"Including Bermuda, Greenland, and Saint Pierre and Miquelon.","United Nations Population Division, New York, World Population Prospects: The 2022 Revision; supplemented by data from the United Nations Statistics Division, New York, Demographic Yearbook 2020 and Secretariat for the Pacific Community (SPC) for small countries or areas, last accessed July 2022.",98.3
419,Latin America & the Caribbean,2020,Sex ratio (males per 100 females),97.2,,"United Nations Population Division, New York, World Population Prospects: The 2022 Revision; supplemented by data from the United Nations Statistics Division, New York, Demographic Yearbook 2020 and Secretariat for the Pacific Community (SPC) for small countries or areas, last accessed July 2022.",97.2
29,Caribbean,2020,Sex ratio (males per 100 females),98.0,"Including Anguilla, Bonaire, Sint Eustatius and Saba, British Virgin Islands, Cayman Islands, Dominica, Montserrat, Saint Kitts and Nevis, Sint Maarten (Dutch part) and Turks and Caicos Islands.","United Nations Population Division, New York, World Population Prospects: The 2022 Revision; supplemented by data from the United Nations Statistics Division, New York, Demographic Yearbook 2020 and Secretariat for the Pacific Community (SPC) for small countries or areas, last accessed July 2022.",98.0
13,Central America,2020,Sex ratio (males per 100 females),96.4,,"United Nations Population Division, New York, World Population Prospects: The 2022 Revision; supplemented by data from the United Nations Statistics Division, New York, Demographic Yearbook 2020 and Secretariat for the Pacific Community (SPC) for small countries or areas, last accessed July 2022.",96.4
5,South America,2020,Sex ratio (males per 100 females),97.5,Including Falkland Islands (Malvinas).,"United Nations Population Division, New York, World Population Prospects: The 2022 Revision; supplemented by data from the United Nations Statistics Division, New York, Demographic Yearbook 2020 and Secretariat for the Pacific Community (SPC) for small countries or areas, last accessed July 2022.",97.5
142,Asia,2020,Sex ratio (males per 100 females),103.8,,"United Nations Population Division, New York, World Population Prospects: The 2022 Revision; supplemented by data from the United Nations Statistics Division, New York, Demographic Yearbook 2020 and Secretariat for the Pacific Community (SPC) for small countries or areas, last accessed July 2022.",103.8
30,Eastern Asia,2020,Sex ratio (males per 100 females),103.2,,"United Nations Population Division, New York, World Population Prospects: The 2022 Revision; supplemented by data from the United Nations Statistics Division, New York, Demographic Yearbook 2020 and Secretariat for the Pacific Community (SPC) for small countries or areas, last accessed July 2022.",103.2
62,South-central Asia,2020,Sex ratio (males per 100 females),104.5,,"United Nations Population Division, New York, World Population Prospects: The 2022 Revision; supplemented by data from the United Nations Statistics Division, New York, Demographic Yearbook 2020 and Secretariat for the Pacific Community (SPC) for small countries or areas, last accessed July 2022.",104.5
35,South-eastern Asia,2020,Sex ratio (males per 100 females),100.4,,"United Nations Population Division, New York, World Population Prospects: The 2022 Revision; supplemented by data from the United Nations Statistics Division, New York, Demographic Yearbook 2020 and Secretariat for the Pacific Community (SPC) for small countries or areas, last accessed July 2022.",100.4
145,Western Asia,2020,Sex ratio (males per 100 females),109.8,,"United Nations Population Division, New York, World Population Prospects: The 2022 Revision; supplemented by data from the United Nations Statistics Division, New York, Demographic Yearbook 2020 and Secretariat for the Pacific Community (SPC) for small countries or areas, last accessed July 2022.",109.8
150,Europe,2020,Sex ratio (males per 100 females),93.3,,"United Nations Population Division, New York, World Population Prospects: The 2022 Revision; supplemented by data from the United Nations Statistics Division, New York, Demographic Yearbook 2020 and Secretariat for the Pacific Community (SPC) for small countries or areas, last accessed July 2022.",93.3
151,Eastern Europe,2020,Sex ratio (males per 100 females),88.9,,"United Nations Population Division, New York, World Population Prospects: The 2022 Revision; supplemented by data from the United Nations Statistics Division, New York, Demographic Yearbook 2020 and Secretariat for the Pacific Community (SPC) for small countries or areas, last accessed July 2022.",88.9
154,Northern Europe,2020,Sex ratio (males per 100 females),97.7,Including the Faroe Islands and the Isle of Man.,"United Nations Population Division, New York, World Population Prospects: The 2022 Revision; supplemented by data from the United Nations Statistics Division, New York, Demographic Yearbook 2020 and Secretariat for the Pacific Community (SPC) for small countries or areas, last accessed July 2022.",97.7
39,Southern Europe,2020,Sex ratio (males per 100 females),95.2,"Including Andorra, Gibraltar, Holy See, and San Marino.","United Nations Population Division, New York, World Population Prospects: The 2022 Revision; supplemented by data from the United Nations Statistics Division, New York, Demographic Yearbook 2020 and Secretariat for the Pacific Community (SPC) for small countries or areas, last accessed July 2022.",95.2
155,Western Europe,2020,Sex ratio (males per 100 females),96.3,Including Liechtenstein and Monaco.,"United Nations Population Division, New York, World Population Prospects: The 2022 Revision; supplemented by data from the United Nations Statistics Division, New York, Demographic Yearbook 2020 and Secretariat for the Pacific Community (SPC) for small countries or areas, last accessed July 2022.",96.3
9,Oceania,2020,Sex ratio (males per 100 females),100.5,,"United Nations Population Division, New York, World Population Prospects: The 2022 Revision; supplemented by data from the United Nations Statistics Division, New York, Demographic Yearbook 2020 and Secretariat for the Pacific Community (SPC) for small countries or areas, last accessed July 2022.",100.5
53,Australia and New Zealand,2020,Sex ratio (males per 100 females),98.5,,"United Nations Population Division, New York, World Population Prospects: The 2022 Revision; supplemented by data from the United Nations Statistics Division, New York, Demographic Yearbook 2020 and Secretariat for the Pacific Community (SPC) for small countries or areas, last accessed July 2022.",98.5
54,Melanesia,2020,Sex ratio (males per 100 females),106.0,,"United Nations Population Division, New York, World Population Prospects: The 2022 Revision; supplemented by data from the United Nations Statistics Division, New York, Demographic Yearbook 2020 and Secretariat for the Pacific Community (SPC) for small countries or areas, last accessed July 2022.",106.0
57,Micronesia,2020,Sex ratio (males per 100 females),101.6,"Including Marshall Islands, Nauru, Northern Mariana Islands and Palau.","United Nations Population Division, New York, World Population Prospects: The 2022 Revision; supplemented by data from the United Nations Statistics Division, New York, Demographic Yearbook 2020 and Secretariat for the Pacific Community (SPC) for small countries or areas, last accessed July 2022.",101.6
61,Polynesia,2020,Sex ratio (males per 100 females),101.6,Including Pitcairn.,"United Nations Population Division, New York, World Population Prospects: The 2022 Revision; supplemented by data from the United Nations Statistics Division, New York, Demographic Yearbook 2020 and Secretariat for the Pacific Community (SPC) for small countries or areas, last accessed July 2022.",101.6
4,Afghanistan,2020,Sex ratio (males per 100 females),102.1,,"United Nations Population Division, New York, World Population Prospects: The 2022 Revision; supplemented by data from the United Nations Statistics Division, New York, Demographic Yearbook 2020 and Secretariat for the Pacific Community (SPC) for small countries or areas, last accessed July 2022.",102.1
8,Albania,2020,Sex ratio (males per 100 females),100.0,,"United Nations Population Division, New York, World Population Prospects: The 2022 Revision; supplemented by data from the United Nations Statistics Division, New York, Demographic Yearbook 2020 and Secretariat for the Pacific Community (SPC) for small countries or areas, last accessed July 2022.",100.0
12,Algeria,2020,Sex ratio (males per 100 females),103.8,,"United Nations Population Division, New York, World Population Prospects: The 2022 Revision; supplemented by data from the United Nations Statistics Division, New York, Demographic Yearbook 2020 and Secretariat for the Pacific Community (SPC) for small countries or areas, last accessed July 2022.",103.8
16,American Samoa,2020,Sex ratio (males per 100 females),98.5,"For statistical purposes, the data for United States of America do not include this area.","United Nations Population Division, New York, World Population Prospects: The 2022 Revision; supplemented by data from the United Nations Statistics Division, New York, Demographic Yearbook 2020 and Secretariat for the Pacific Community (SPC) for small countries or areas, last accessed July 2022.",98.5
20,Andorra,2020,Sex ratio (males per 100 females),104.0,,"United Nations Population Division, New York, World Population Prospects: The 2022 Revision; supplemented by data from the United Nations Statistics Division, New York, Demographic Yearbook 2020 and Secretariat for the Pacific Community (SPC) for small countries or areas, last accessed July 2022.",104.0
24,Angola,2020,Sex ratio (males per 100 females),97.7,,"United Nations Population Division, New York, World Population Prospects: The 2022 Revision; supplemented by data from the United Nations Statistics Division, New York, Demographic Yearbook 2020 and Secretariat for the Pacific Community (SPC) for small countries or areas, last accessed July 2022.",97.7
660,Anguilla,2020,Sex ratio (males per 100 females),96.2,"For statistical purposes, the data for United Kingdom do not include this area.","United Nations Population Division, New York, World Population Prospects: The 2022 Revision; supplemented by data from the United Nations Statistics Division, New York, Demographic Yearbook 2020 and Secretariat for the Pacific Community (SPC) for small countries or areas, last accessed July 2022.",96.2
28,Antigua and Barbuda,2020,Sex ratio (males per 100 females),91.3,,"United Nations Population Division, New York, World Population Prospects: The 2022 Revision; supplemented by data from the United Nations Statistics Division, New York, Demographic Yearbook 2020 and Secretariat for the Pacific Community (SPC) for small countries or areas, last accessed July 2022.",91.3
32,Argentina,2020,Sex ratio (males per 100 females),98.1,,"United Nations Population Division, New York, World Population Prospects: The 2022 Revision; supplemented by data from the United Nations Statistics Division, New York, Demographic Yearbook 2020 and Secretariat for the Pacific Community (SPC) for small countries or areas, last accessed July 2022.",98.1
51,Armenia,2020,Sex ratio (males per 100 females),82.2,,"United Nations Population Division, New York, World Population Prospects: The 2022 Revision; supplemented by data from the United Nations Statistics Division, New York, Demographic Yearbook 2020 and Secretariat for the Pacific Community (SPC) for small countries or areas, last accessed July 2022.",82.2
533,Aruba,2020,Sex ratio (males per 100 females),89.1,"For statistical purposes, the data for Netherlands do not include this area.","United Nations Population Division, New York, World Population Prospects: The 2022 Revision; supplemented by data from the United Nations Statistics Division, New York, Demographic Yearbook 2020 and Secretariat for the Pacific Community (SPC) for small countries or areas, last accessed July 2022.",89.1
36,Australia,2020,Sex ratio (males per 100 females),98.5,"Including Christmas Island, Cocos (Keeling) Islands and Norfolk Island.","United Nations Population Division, New York, World Population Prospects: The 2022 Revision; supplemented by data from the United Nations Statistics Division, New York, Demographic Yearbook 2020 and Secretariat for the Pacific Community (SPC) for small countries or areas, last accessed July 2022.",98.5
40,Austria,2020,Sex ratio (males per 100 females),96.9,,"United Nations Population Division, New York, World Population Prospects: The 2022 Revision; supplemented by data from the United Nations Statistics Division, New York, Demographic Yearbook 2020 and Secretariat for the Pacific Community (SPC) for small countries or areas, last accessed July 2022.",96.9
31,Azerbaijan,2020,Sex ratio (males per 100 females),97.5,Including Nagorno-Karabakh.,"United Nations Population Division, New York, World Population Prospects: The 2022 Revision; supplemented by data from the United Nations Statistics Division, New York, Demographic Yearbook 2020 and Secretariat for the Pacific Community (SPC) for small countries or areas, last accessed July 2022.",97.5
44,Bahamas,2020,Sex ratio (males per 100 females),91.8,,"United Nations Population Division, New York, World Population Prospects: The 2022 Revision; supplemented by data from the United Nations Statistics Division, New York, Demographic Yearbook 2020 and Secretariat for the Pacific Community (SPC) for small countries or areas, last accessed July 2022.",91.8
48,Bahrain,2020,Sex ratio (males per 100 females),165.2,,"United Nations Population Division, New York, World Population Prospects: The 2022 Revision; supplemented by data from the United Nations Statistics Division, New York, Demographic Yearbook 2020 and Secretariat for the Pacific Community (SPC) for small countries or areas, last accessed July 2022.",165.2
50,Bangladesh,2020,Sex ratio (males per 100 females),98.5,,"United Nations Population Division, New York, World Population Prospects: The 2022 Revision; supplemented by data from the United Nations Statistics Division, New York, Demographic Yearbook 2020 and Secretariat for the Pacific Community (SPC) for small countries or areas, last accessed July 2022.",98.5
52,Barbados,2020,Sex ratio (males per 100 females),92.0,,"United Nations Population Division, New York, World Population Prospects: The 2022 Revision; supplemented by data from the United Nations Statistics Division, New York, Demographic Yearbook 2020 and Secretariat for the Pacific Community (SPC) for small countries or areas, last accessed July 2022.",92.0
112,Belarus,2020,Sex ratio (males per 100 females),85.7,,"United Nations Population Division, New York, World Population Prospects: The 2022 Revision; supplemented by data from the United Nations Statistics Division, New York, Demographic Yearbook 2020 and Secretariat for the Pacific Community (SPC) for small countries or areas, last accessed July 2022.",85.7
56,Belgium,2020,Sex ratio (males per 100 females),97.5,,"United Nations Population Division, New York, World Population Prospects: The 2022 Revision; supplemented by data from the United Nations Statistics Division, New York, Demographic Yearbook 2020 and Secretariat for the Pacific Community (SPC) for small countries or areas, last accessed July 2022.",97.5
84,Belize,2020,Sex ratio (males per 100 females),101.4,,"United Nations Population Division, New York, World Population Prospects: The 2022 Revision; supplemented by data from the United Nations Statistics Division, New York, Demographic Yearbook 2020 and Secretariat for the Pacific Community (SPC) for small countries or areas, last accessed July 2022.",101.4
204,Benin,2020,Sex ratio (males per 100 females),100.3,,"United Nations Population Division, New York, World Population Prospects: The 2022 Revision; supplemented by data from the United Nations Statistics Division, New York, Demographic Yearbook 2020 and Secretariat for the Pacific Community (SPC) for small countries or areas, last accessed July 2022.",100.3
60,Bermuda,2020,Sex ratio (males per 100 females),93.5,"For statistical purposes, the data for United Kingdom do not include this area.","United Nations Population Division, New York, World Population Prospects: The 2022 Revision; supplemented by data from the United Nations Statistics Division, New York, Demographic Yearbook 2020 and Secretariat for the Pacific Community (SPC) for small countries or areas, last accessed July 2022.",93.5
64,Bhutan,2020,Sex ratio (males per 100 females),112.8,,"United Nations Population Division, New York, World Population Prospects: The 2022 Revision; supplemented by data from the United Nations Statistics Division, New York, Demographic Yearbook 2020 and Secretariat for the Pacific Community (SPC) for small countries or areas, last accessed July 2022.",112.8
68,Bolivia (Plurin. State of),2020,Sex ratio (males per 100 females),100.8,,"United Nations Population Division, New York, World Population Prospects: The 2022 Revision; supplemented by data from the United Nations Statistics Division, New York, Demographic Yearbook 2020 and Secretariat for the Pacific Community (SPC) for small countries or areas, last accessed July 2022.",100.8
70,Bosnia and Herzegovina,2020,Sex ratio (males per 100 females),96.9,,"United Nations Population Division, New York, World Population Prospects: The 2022 Revision; supplemented by data from the United Nations Statistics Division, New York, Demographic Yearbook 2020 and Secretariat for the Pacific Community (SPC) for small countries or areas, last accessed July 2022.",96.9
72,Botswana,2020,Sex ratio (males per 100 females),97.4,,"United Nations Population Division, New York, World Population Prospects: The 2022 Revision; supplemented by data from the United Nations Statistics Division, New York, Demographic Yearbook 2020 and Secretariat for the Pacific Community (SPC) for small countries or areas, last accessed July 2022.",97.4
76,Brazil,2020,Sex ratio (males per 100 females),96.6,,"United Nations Population Division, New York, World Population Prospects: The 2022 Revision; supplemented by data from the United Nations Statistics Division, New York, Demographic Yearbook 2020 and Secretariat for the Pacific Community (SPC) for small countries or areas, last accessed July 2022.",96.6
92,British Virgin Islands,2020,Sex ratio (males per 100 females),93.1,"For statistical purposes, the data for United Kingdom do not include this area.","United Nations Population Division, New York, World Population Prospects: The 2022 Revision; supplemented by data from the United Nations Statistics Division, New York, Demographic Yearbook 2020 and Secretariat for the Pacific Community (SPC) for small countries or areas, last accessed July 2022.",93.1
96,Brunei Darussalam,2020,Sex ratio (males per 100 females),107.3,,"United Nations Population Division, New York, World Population Prospects: The 2022 Revision; supplemented by data from the United Nations Statistics Division, New York, Demographic Yearbook 2020 and Secretariat for the Pacific Community (SPC) for small countries or areas, last accessed July 2022.",107.3
100,Bulgaria,2020,Sex ratio (males per 100 females),94.2,,"United Nations Population Division, New York, World Population Prospects: The 2022 Revision; supplemented by data from the United Nations Statistics Division, New York, Demographic Yearbook 2020 and Secretariat for the Pacific Community (SPC) for small countries or areas, last accessed July 2022.",94.2
854,Burkina Faso,2020,Sex ratio (males per 100 females),99.2,,"United Nations Population Division, New York, World Population Prospects: The 2022 Revision; supplemented by data from the United Nations Statistics Division, New York, Demographic Yearbook 2020 and Secretariat for the Pacific Community (SPC) for small countries or areas, last accessed July 2022.",99.2
108,Burundi,2020,Sex ratio (males per 100 females),98.6,,"United Nations Population Division, New York, World Population Prospects: The 2022 Revision; supplemented by data from the United Nations Statistics Division, New York, Demographic Yearbook 2020 and Secretariat for the Pacific Community (SPC) for small countries or areas, last accessed July 2022.",98.6
132,Cabo Verde,2020,Sex ratio (males per 100 females),98.9,,"United Nations Population Division, New York, World Population Prospects: The 2022 Revision; supplemented by data from the United Nations Statistics Division, New York, Demographic Yearbook 2020 and Secretariat for the Pacific Community (SPC) for small countries or areas, last accessed July 2022.",98.9
116,Cambodia,2020,Sex ratio (males per 100 females),98.0,,"United Nations Population Division, New York, World Population Prospects: The 2022 Revision; supplemented by data from the United Nations Statistics Division, New York, Demographic Yearbook 2020 and Secretariat for the Pacific Community (SPC) for small countries or areas, last accessed July 2022.",98.0
120,Cameroon,2020,Sex ratio (males per 100 females),99.5,,"United Nations Population Division, New York, World Population Prospects: The 2022 Revision; supplemented by data from the United Nations Statistics Division, New York, Demographic Yearbook 2020 and Secretariat for the Pacific Community (SPC) for small countries or areas, last accessed July 2022.",99.5
124,Canada,2020,Sex ratio (males per 100 females),98.8,,"United Nations Population Division, New York, World Population Prospects: The 2022 Revision; supplemented by data from the United Nations Statistics Division, New York, Demographic Yearbook 2020 and Secretariat for the Pacific Community (SPC) for small countries or areas, last accessed July 2022.",98.8
136,Cayman Islands,2020,Sex ratio (males per 100 females),101.7,"For statistical purposes, the data for United Kingdom do not include this area.","United Nations Population Division, New York, World Population Prospects: The 2022 Revision; supplemented by data from the United Nations Statistics Division, New York, Demographic Yearbook 2020 and Secretariat for the Pacific Community (SPC) for small countries or areas, last accessed July 2022.",101.7
140,Central African Republic,2020,Sex ratio (males per 100 females),100.0,,"United Nations Population Division, New York, World Population Prospects: The 2022 Revision; supplemented by data from the United Nations Statistics Division, New York, Demographic Yearbook 2020 and Secretariat for the Pacific Community (SPC) for small countries or areas, last accessed July 2022.",100.0
148,Chad,2020,Sex ratio (males per 100 females),100.8,,"United Nations Population Division, New York, World Population Prospects: The 2022 Revision; supplemented by data from the United Nations Statistics Division, New York, Demographic Yearbook 2020 and Secretariat for the Pacific Community (SPC) for small countries or areas, last accessed July 2022.",100.8
152,Chile,2020,Sex ratio (males per 100 females),98.6,,"United Nations Population Division, New York, World Population Prospects: The 2022 Revision; supplemented by data from the United Nations Statistics Division, New York, Demographic Yearbook 2020 and Secretariat for the Pacific Community (SPC) for small countries or areas, last accessed July 2022.",98.6
156,China,2020,Sex ratio (males per 100 females),104.5,"For statistical purposes, the data for China do not include those for the Hong Kong Special Administrative Region (Hong Kong SAR), Macao Special Administrative Region (Macao SAR) and Taiwan Province of China.","United Nations Population Division, New York, World Population Prospects: The 2022 Revision; supplemented by data from the United Nations Statistics Division, New York, Demographic Yearbook 2020 and Secretariat for the Pacific Community (SPC) for small countries or areas, last accessed July 2022.",104.5
344,"China, Hong Kong SAR",2020,Sex ratio (males per 100 females),85.7,,"United Nations Population Division, New York, World Population Prospects: The 2022 Revision; supplemented by data from the United Nations Statistics Division, New York, Demographic Yearbook 2020 and Secretariat for the Pacific Community (SPC) for small countries or areas, last accessed July 2022.",85.7
446,"China, Macao SAR",2020,Sex ratio (males per 100 females),88.6,,"United Nations Population Division, New York, World Population Prospects: The 2022 Revision; supplemented by data from the United Nations Statistics Division, New York, Demographic Yearbook 2020 and Secretariat for the Pacific Community (SPC) for small countries or areas, last accessed July 2022.",88.6
170,Colombia,2020,Sex ratio (males per 100 females),97.5,,"United Nations Population Division, New York, World Population Prospects: The 2022 Revision; supplemented by data from the United Nations Statistics Division, New York, Demographic Yearbook 2020 and Secretariat for the Pacific Community (SPC) for small countries or areas, last accessed July 2022.",97.5
174,Comoros,2020,Sex ratio (males per 100 females),100.9,,"United Nations Population Division, New York, World Population Prospects: The 2022 Revision; supplemented by data from the United Nations Statistics Division, New York, Demographic Yearbook 2020 and Secretariat for the Pacific Community (SPC) for small countries or areas, last accessed July 2022.",100.9
178,Congo,2020,Sex ratio (males per 100 females),99.8,,"United Nations Population Division, New York, World Population Prospects: The 2022 Revision; supplemented by data from the United Nations Statistics Division, New York, Demographic Yearbook 2020 and Secretariat for the Pacific Community (SPC) for small countries or areas, last accessed July 2022.",99.8
184,Cook Islands,2020,Sex ratio (males per 100 females),91.6,"For statistical purposes, the data for New Zealand do not include this area.","United Nations Population Division, New York, World Population Prospects: The 2022 Revision; supplemented by data from the United Nations Statistics Division, New York, Demographic Yearbook 2020 and Secretariat for the Pacific Community (SPC) for small countries or areas, last accessed July 2022.",91.6
188,Costa Rica,2020,Sex ratio (males per 100 females),100.2,,"United Nations Population Division, New York, World Population Prospects: The 2022 Revision; supplemented by data from the United Nations Statistics Division, New York, Demographic Yearbook 2020 and Secretariat for the Pacific Community (SPC) for small countries or areas, last accessed July 2022.",100.2
384,Côte d’Ivoire,2020,Sex ratio (males per 100 females),102.1,,"United Nations Population Division, New York, World Population Prospects: The 2022 Revision; supplemented by data from the United Nations Statistics Division, New York, Demographic Yearbook 2020 and Secretariat for the Pacific Community (SPC) for small countries or areas, last accessed July 2022.",102.1
191,Croatia,2020,Sex ratio (males per 100 females),94.8,,"United Nations Population Division, New York, World Population Prospects: The 2022 Revision; supplemented by data from the United Nations Statistics Division, New York, Demographic Yearbook 2020 and Secretariat for the Pacific Community (SPC) for small countries or areas, last accessed July 2022.",94.8
192,Cuba,2020,Sex ratio (males per 100 females),98.8,,"United Nations Population Division, New York, World Population Prospects: The 2022 Revision; supplemented by data from the United Nations Statistics Division, New York, Demographic Yearbook 2020 and Secretariat for the Pacific Community (SPC) for small countries or areas, last accessed July 2022.",98.8
531,Curaçao,2020,Sex ratio (males per 100 females),91.8,"For statistical purposes, the data for Netherlands do not include this area.","United Nations Population Division, New York, World Population Prospects: The 2022 Revision; supplemented by data from the United Nations Statistics Division, New York, Demographic Yearbook 2020 and Secretariat for the Pacific Community (SPC) for small countries or areas, last accessed July 2022.",91.8
196,Cyprus,2020,Sex ratio (males per 100 females),100.4,Refers to the whole country.,"United Nations Population Division, New York, World Population Prospects: The 2022 Revision; supplemented by data from the United Nations Statistics Division, New York, Demographic Yearbook 2020 and Secretariat for the Pacific Community (SPC) for small countries or areas, last accessed July 2022.",100.4
203,Czechia,2020,Sex ratio (males per 100 females),97.1,,"United Nations Population Division, New York, World Population Prospects: The 2022 Revision; supplemented by data from the United Nations Statistics Division, New York, Demographic Yearbook 2020 and Secretariat for the Pacific Community (SPC) for small countries or areas, last accessed July 2022.",97.1
408,Dem. People's Rep. Korea,2020,Sex ratio (males per 100 females),97.6,,"United Nations Population Division, New York, World Population Prospects: The 2022 Revision; supplemented by data from the United Nations Statistics Division, New York, Demographic Yearbook 2020 and Secretariat for the Pacific Community (SPC) for small countries or areas, last accessed July 2022.",97.6
180,Dem. Rep. of the Congo,2020,Sex ratio (males per 100 females),98.5,,"United Nations Population Division, New York, World Population Prospects: The 2022 Revision; supplemented by data from the United Nations Statistics Division, New York, Demographic Yearbook 2020 and Secretariat for the Pacific Community (SPC) for small countries or areas, last accessed July 2022.",98.5
208,Denmark,2020,Sex ratio (males per 100 females),98.9,"For statistical purposes, the data for Denmark do not include Faroe Islands, and Greenland.","United Nations Population Division, New York, World Population Prospects: The 2022 Revision; supplemented by data from the United Nations Statistics Division, New York, Demographic Yearbook 2020 and Secretariat for the Pacific Community (SPC) for small countries or areas, last accessed July 2022.",98.9
262,Djibouti,2020,Sex ratio (males per 100 females),98.7,,"United Nations Population Division, New York, World Population Prospects: The 2022 Revision; supplemented by data from the United Nations Statistics Division, New York, Demographic Yearbook 2020 and Secretariat for the Pacific Community (SPC) for small countries or areas, last accessed July 2022.",98.7
212,Dominica,2020,Sex ratio (males per 100 females),99.4,,"United Nations Population Division, New York, World Population Prospects: The 2022 Revision; supplemented by data from the United Nations Statistics Division, New York, Demographic Yearbook 2020 and Secretariat for the Pacific Community (SPC) for small countries or areas, last accessed July 2022.",99.4
214,Dominican Republic,2020,Sex ratio (males per 100 females),101.0,,"United Nations Population Division, New York, World Population Prospects: The 2022 Revision; supplemented by data from the United Nations Statistics Division, New York, Demographic Yearbook 2020 and Secretariat for the Pacific Community (SPC) for small countries or areas, last accessed July 2022.",101.0
218,Ecuador,2020,Sex ratio (males per 100 females),99.9,,"United Nations Population Division, New York, World Population Prospects: The 2022 Revision; supplemented by data from the United Nations Statistics Division, New York, Demographic Yearbook 2020 and Secretariat for the Pacific Community (SPC) for small countries or areas, last accessed July 2022.",99.9
818,Egypt,2020,Sex ratio (males per 100 females),102.4,,"United Nations Population Division, New York, World Population Prospects: The 2022 Revision; supplemented by data from the United Nations Statistics Division, New York, Demographic Yearbook 2020 and Secretariat for the Pacific Community (SPC) for small countries or areas, last accessed July 2022.",102.4
222,El Salvador,2020,Sex ratio (males per 100 females),91.0,,"United Nations Population Division, New York, World Population Prospects: The 2022 Revision; supplemented by data from the United Nations Statistics Division, New York, Demographic Yearbook 2020 and Secretariat for the Pacific Community (SPC) for small countries or areas, last accessed July 2022.",91.0
226,Equatorial Guinea,2020,Sex ratio (males per 100 females),112.3,,"United Nations Population Division, New York, World Population Prospects: The 2022 Revision; supplemented by data from the United Nations Statistics Division, New York, Demographic Yearbook 2020 and Secretariat for the Pacific Community (SPC) for small countries or areas, last accessed July 2022.",112.3
232,Eritrea,2020,Sex ratio (males per 100 females),97.3,,"United Nations Population Division, New York, World Population Prospects: The 2022 Revision; supplemented by data from the United Nations Statistics Division, New York, Demographic Yearbook 2020 and Secretariat for the Pacific Community (SPC) for small countries or areas, last accessed July 2022.",97.3
233,Estonia,2020,Sex ratio (males per 100 females),90.0,,"United Nations Population Division, New York, World Population Prospects: The 2022 Revision; supplemented by data from the United Nations Statistics Division, New York, Demographic Yearbook 2020 and Secretariat for the Pacific Community (SPC) for small countries or areas, last accessed July 2022.",90.0
748,Eswatini,2020,Sex ratio (males per 100 females),98.5,,"United Nations Population Division, New York, World Population Prospects: The 2022 Revision; supplemented by data from the United Nations Statistics Division, New York, Demographic Yearbook 2020 and Secretariat for the Pacific Community (SPC) for small countries or areas, last accessed July 2022.",98.5
231,Ethiopia,2020,Sex ratio (males per 100 females),101.1,,"United Nations Population Division, New York, World Population Prospects: The 2022 Revision; supplemented by data from the United Nations Statistics Division, New York, Demographic Yearbook 2020 and Secretariat for the Pacific Community (SPC) for small countries or areas, last accessed July 2022.",101.1
238,Falkland Islands (Malvinas),2020,Sex ratio (males per 100 females),101.1,"A dispute exists between the Governments of Argentina and the United Kingdom of Great Britain and Northern Ireland concerning sovereignty over the Falkland Islands (Malvinas). For statistical purposes, the data for United Kingdom do not include this area.","United Nations Population Division, New York, World Population Prospects: The 2022 Revision; supplemented by data from the United Nations Statistics Division, New York, Demographic Yearbook 2020 and Secretariat for the Pacific Community (SPC) for small countries or areas, last accessed July 2022.",101.1
234,Faroe Islands,2020,Sex ratio (males per 100 females),107.3,"For statistical purposes, the data for Denmark do not include this area.","United Nations Population Division, New York, World Population Prospects: The 2022 Revision; supplemented by data from the United Nations Statistics Division, New York, Demographic Yearbook 2020 and Secretariat for the Pacific Community (SPC) for small countries or areas, last accessed July 2022.",107.3
242,Fiji,2020,Sex ratio (males per 100 females),100.7,,"United Nations Population Division, New York, World Population Prospects: The 2022 Revision; supplemented by data from the United Nations Statistics Division, New York, Demographic Yearbook 2020 and Secretariat for the Pacific Community (SPC) for small countries or areas, last accessed July 2022.",100.7
246,Finland,2020,Sex ratio (males per 100 females),97.6,Including Åland Islands.,"United Nations Population Division, New York, World Population Prospects: The 2022 Revision; supplemented by data from the United Nations Statistics Division, New York, Demographic Yearbook 2020 and Secretariat for the Pacific Community (SPC) for small countries or areas, last accessed July 2022.",97.6
250,France,2020,Sex ratio (males per 100 females),93.6,"For statistical purposes, the data for France do not include French Guiana, French Polynesia, Guadeloupe, Martinique, Mayotte, New Caledonia, Réunion, Saint Pierre and Miquelon, Saint Barthélemy, Saint Martin (French part), Wallis and Futuna Islands.","United Nations Population Division, New York, World Population Prospects: The 2022 Revision; supplemented by data from the United Nations Statistics Division, New York, Demographic Yearbook 2020 and Secretariat for the Pacific Community (SPC) for small countries or areas, last accessed July 2022.",93.6
254,French Guiana,2020,Sex ratio (males per 100 females),98.9,"For statistical purposes, the data for France do not include this area.","United Nations Population Division, New York, World Population Prospects: The 2022 Revision; supplemented by data from the United Nations Statistics Division, New York, Demographic Yearbook 2020 and Secretariat for the Pacific Community (SPC) for small countries or areas, last accessed July 2022.",98.9
258,French Polynesia,2020,Sex ratio (males per 100 females),102.6,"For statistical purposes, the data for France do not include this area.","United Nations Population Division, New York, World Population Prospects: The 2022 Revision; supplemented by data from the United Nations Statistics Division, New York, Demographic Yearbook 2020 and Secretariat for the Pacific Community (SPC) for small countries or areas, last accessed July 2022.",102.6
266,Gabon,2020,Sex ratio (males per 100 females),104.0,,"United Nations Population Division, New York, World Population Prospects: The 2022 Revision; supplemented by data from the United Nations Statistics Division, New York, Demographic Yearbook 2020 and Secretariat for the Pacific Community (SPC) for small countries or areas, last accessed July 2022.",104.0
270,Gambia,2020,Sex ratio (males per 100 females),98.9,,"United Nations Population Division, New York, World Population Prospects: The 2022 Revision; supplemented by data from the United Nations Statistics Division, New York, Demographic Yearbook 2020 and Secretariat for the Pacific Community (SPC) for small countries or areas, last accessed July 2022.",98.9
268,Georgia,2020,Sex ratio (males per 100 females),88.8,Including Abkhazia and South Ossetia.,"United Nations Population Division, New York, World Population Prospects: The 2022 Revision; supplemented by data from the United Nations Statistics Division, New York, Demographic Yearbook 2020 and Secretariat for the Pacific Community (SPC) for small countries or areas, last accessed July 2022.",88.8
276,Germany,2020,Sex ratio (males per 100 females),97.4,,"United Nations Population Division, New York, World Population Prospects: The 2022 Revision; supplemented by data from the United Nations Statistics Division, New York, Demographic Yearbook 2020 and Secretariat for the Pacific Community (SPC) for small countries or areas, last accessed July 2022.",97.4
288,Ghana,2020,Sex ratio (males per 100 females),99.5,,"United Nations Population Division, New York, World Population Prospects: The 2022 Revision; supplemented by data from the United Nations Statistics Division, New York, Demographic Yearbook 2020 and Secretariat for the Pacific Community (SPC) for small countries or areas, last accessed July 2022.",99.5
292,Gibraltar,2020,Sex ratio (males per 100 females),99.8,"For statistical purposes, the data for United Kingdom do not include this area.","United Nations Population Division, New York, World Population Prospects: The 2022 Revision; supplemented by data from the United Nations Statistics Division, New York, Demographic Yearbook 2020 and Secretariat for the Pacific Community (SPC) for small countries or areas, last accessed July 2022.",99.8
300,Greece,2020,Sex ratio (males per 100 females),96.1,,"United Nations Population Division, New York, World Population Prospects: The 2022 Revision; supplemented by data from the United Nations Statistics Division, New York, Demographic Yearbook 2020 and Secretariat for the Pacific Community (SPC) for small countries or areas, last accessed July 2022.",96.1
304,Greenland,2020,Sex ratio (males per 100 females),111.5,"For statistical purposes, the data for Denmark do not include this area.","United Nations Population Division, New York, World Population Prospects: The 2022 Revision; supplemented by data from the United Nations Statistics Division, New York, Demographic Yearbook 2020 and Secretariat for the Pacific Community (SPC) for small countries or areas, last accessed July 2022.",111.5
308,Grenada,2020,Sex ratio (males per 100 females),100.3,,"United Nations Population Division, New York, World Population Prospects: The 2022 Revision; supplemented by data from the United Nations Statistics Division, New York, Demographic Yearbook 2020 and Secretariat for the Pacific Community (SPC) for small countries or areas, last accessed July 2022.",100.3
312,Guadeloupe,2020,Sex ratio (males per 100 females),82.8,"For statistical purposes, the data for France do not include this area.","United Nations Population Division, New York, World Population Prospects: The 2022 Revision; supplemented by data from the United Nations Statistics Division, New York, Demographic Yearbook 2020 and Secretariat for the Pacific Community (SPC) for small countries or areas, last accessed July 2022.",82.8
316,Guam,2020,Sex ratio (males per 100 females),101.7,"For statistical purposes, the data for United States of America do not include this area.","United Nations Population Division, New York, World Population Prospects: The 2022 Revision; supplemented by data from the United Nations Statistics Division, New York, Demographic Yearbook 2020 and Secretariat for the Pacific Community (SPC) for small countries or areas, last accessed July 2022.",101.7
320,Guatemala,2020,Sex ratio (males per 100 females),98.1,,"United Nations Population Division, New York, World Population Prospects: The 2022 Revision; supplemented by data from the United Nations Statistics Division, New York, Demographic Yearbook 2020 and Secretariat for the Pacific Community (SPC) for small countries or areas, last accessed July 2022.",98.1
324,Guinea,2020,Sex ratio (males per 100 females),97.5,,"United Nations Population Division, New York, World Population Prospects: The 2022 Revision; supplemented by data from the United Nations Statistics Division, New York, Demographic Yearbook 2020 and Secretariat for the Pacific Community (SPC) for small countries or areas, last accessed July 2022.",97.5
624,Guinea-Bissau,2020,Sex ratio (males per 100 females),97.4,,"United Nations Population Division, New York, World Population Prospects: The 2022 Revision; supplemented by data from the United Nations Statistics Division, New York, Demographic Yearbook 2020 and Secretariat for the Pacific Community (SPC) for small countries or areas, last accessed July 2022.",97.4
328,Guyana,2020,Sex ratio (males per 100 females),95.7,,"United Nations Population Division, New York, World Population Prospects: The 2022 Revision; supplemented by data from the United Nations Statistics Division, New York, Demographic Yearbook 2020 and Secretariat for the Pacific Community (SPC) for small countries or areas, last accessed July 2022.",95.7
332,Haiti,2020,Sex ratio (males per 100 females),98.3,,"United Nations Population Division, New York, World Population Prospects: The 2022 Revision; supplemented by data from the United Nations Statistics Division, New York, Demographic Yearbook 2020 and Secretariat for the Pacific Community (SPC) for small countries or areas, last accessed July 2022.",98.3
340,Honduras,2020,Sex ratio (males per 100 females),102.1,,"United Nations Population Division, New York, World Population Prospects: The 2022 Revision; supplemented by data from the United Nations Statistics Division, New York, Demographic Yearbook 2020 and Secretariat for the Pacific Community (SPC) for small countries or areas, last accessed July 2022.",102.1
348,Hungary,2020,Sex ratio (males per 100 females),92.0,,"United Nations Population Division, New York, World Population Prospects: The 2022 Revision; supplemented by data from the United Nations Statistics Division, New York, Demographic Yearbook 2020 and Secretariat for the Pacific Community (SPC) for small countries or areas, last accessed July 2022.",92.0
352,Iceland,2020,Sex ratio (males per 100 females),105.3,,"United Nations Population Division, New York, World Population Prospects: The 2022 Revision; supplemented by data from the United Nations Statistics Division, New York, Demographic Yearbook 2020 and Secretariat for the Pacific Community (SPC) for small countries or areas, last accessed July 2022.",105.3
356,India,2020,Sex ratio (males per 100 females),106.8,,"United Nations Population Division, New York, World Population Prospects: The 2022 Revision; supplemented by data from the United Nations Statistics Division, New York, Demographic Yearbook 2020 and Secretariat for the Pacific Community (SPC) for small countries or areas, last accessed July 2022.",106.8
360,Indonesia,2020,Sex ratio (males per 100 females),101.5,,"United Nations Population Division, New York, World Population Prospects: The 2022 Revision; supplemented by data from the United Nations Statistics Division, New York, Demographic Yearbook 2020 and Secretariat for the Pacific Community (SPC) for small countries or areas, last accessed July 2022.",101.5
364,Iran (Islamic Republic of),2020,Sex ratio (males per 100 females),102.3,,"United Nations Population Division, New York, World Population Prospects: The 2022 Revision; supplemented by data from the United Nations Statistics Division, New York, Demographic Yearbook 2020 and Secretariat for the Pacific Community (SPC) for small countries or areas, last accessed July 2022.",102.3
368,Iraq,2020,Sex ratio (males per 100 females),100.2,,"United Nations Population Division, New York, World Population Prospects: The 2022 Revision; supplemented by data from the United Nations Statistics Division, New York, Demographic Yearbook 2020 and Secretariat for the Pacific Community (SPC) for small countries or areas, last accessed July 2022.",100.2
372,Ireland,2020,Sex ratio (males per 100 females),98.2,,"United Nations Population Division, New York, World Population Prospects: The 2022 Revision; supplemented by data from the United Nations Statistics Division, New York, Demographic Yearbook 2020 and Secretariat for the Pacific Community (SPC) for small countries or areas, last accessed July 2022.",98.2
833,Isle of Man,2020,Sex ratio (males per 100 females),98.2,"For statistical purposes, the data for United Kingdom do not include this area.","United Nations Population Division, New York, World Population Prospects: The 2022 Revision; supplemented by data from the United Nations Statistics Division, New York, Demographic Yearbook 2020 and Secretariat for the Pacific Community (SPC) for small countries or areas, last accessed July 2022.",98.2
376,Israel,2020,Sex ratio (males per 100 females),99.3,,"United Nations Population Division, New York, World Population Prospects: The 2022 Revision; supplemented by data from the United Nations Statistics Division, New York, Demographic Yearbook 2020 and Secretariat for the Pacific Community (SPC) for small countries or areas, last accessed July 2022.",99.3
380,Italy,2020,Sex ratio (males per 100 females),95.0,,"United Nations Population Division, New York, World Population Prospects: The 2022 Revision; supplemented by data from the United Nations Statistics Division, New York, Demographic Yearbook 2020 and Secretariat for the Pacific Community (SPC) for small countries or areas, last accessed July 2022.",95.0
388,Jamaica,2020,Sex ratio (males per 100 females),98.5,,"United Nations Population Division, New York, World Population Prospects: The 2022 Revision; supplemented by data from the United Nations Statistics Division, New York, Demographic Yearbook 2020 and Secretariat for the Pacific Community (SPC) for small countries or areas, last accessed July 2022.",98.5
392,Japan,2020,Sex ratio (males per 100 females),94.6,,"United Nations Population Division, New York, World Population Prospects: The 2022 Revision; supplemented by data from the United Nations Statistics Division, New York, Demographic Yearbook 2020 and Secretariat for the Pacific Community (SPC) for small countries or areas, last accessed July 2022.",94.6
400,Jordan,2020,Sex ratio (males per 100 females),107.9,,"United Nations Population Division, New York, World Population Prospects: The 2022 Revision; supplemented by data from the United Nations Statistics Division, New York, Demographic Yearbook 2020 and Secretariat for the Pacific Community (SPC) for small countries or areas, last accessed July 2022.",107.9
398,Kazakhstan,2020,Sex ratio (males per 100 females),92.5,,"United Nations Population Division, New York, World Population Prospects: The 2022 Revision; supplemented by data from the United Nations Statistics Division, New York, Demographic Yearbook 2020 and Secretariat for the Pacific Community (SPC) for small countries or areas, last accessed July 2022.",92.5
404,Kenya,2020,Sex ratio (males per 100 females),98.4,,"United Nations Population Division, New York, World Population Prospects: The 2022 Revision; supplemented by data from the United Nations Statistics Division, New York, Demographic Yearbook 2020 and Secretariat for the Pacific Community (SPC) for small countries or areas, last accessed July 2022.",98.4
296,Kiribati,2020,Sex ratio (males per 100 females),94.7,,"United Nations Population Division, New York, World Population Prospects: The 2022 Revision; supplemented by data from the United Nations Statistics Division, New York, Demographic Yearbook 2020 and Secretariat for the Pacific Community (SPC) for small countries or areas, last accessed July 2022.",94.7
414,Kuwait,2020,Sex ratio (males per 100 females),158.1,,"United Nations Population Division, New York, World Population Prospects: The 2022 Revision; supplemented by data from the United Nations Statistics Division, New York, Demographic Yearbook 2020 and Secretariat for the Pacific Community (SPC) for small countries or areas, last accessed July 2022.",158.1
417,Kyrgyzstan,2020,Sex ratio (males per 100 females),96.5,,"United Nations Population Division, New York, World Population Prospects: The 2022 Revision; supplemented by data from the United Nations Statistics Division, New York, Demographic Yearbook 2020 and Secretariat for the Pacific Community (SPC) for small countries or areas, last accessed July 2022.",96.5
418,Lao People's Dem. Rep.,2020,Sex ratio (males per 100 females),101.7,,"United Nations Population Division, New York, World Population Prospects: The 2022 Revision; supplemented by data from the United Nations Statistics Division, New York, Demographic Yearbook 2020 and Secretariat for the Pacific Community (SPC) for small countries or areas, last accessed July 2022.",101.7
428,Latvia,2020,Sex ratio (males per 100 females),86.0,,"United Nations Population Division, New York, World Population Prospects: The 2022 Revision; supplemented by data from the United Nations Statistics Division, New York, Demographic Yearbook 2020 and Secretariat for the Pacific Community (SPC) for small countries or areas, last accessed July 2022.",86.0
422,Lebanon,2020,Sex ratio (males per 100 females),94.3,,"United Nations Population Division, New York, World Population Prospects: The 2022 Revision; supplemented by data from the United Nations Statistics Division, New York, Demographic Yearbook 2020 and Secretariat for the Pacific Community (SPC) for small countries or areas, last accessed July 2022.",94.3
426,Lesotho,2020,Sex ratio (males per 100 females),97.4,,"United Nations Population Division, New York, World Population Prospects: The 2022 Revision; supplemented by data from the United Nations Statistics Division, New York, Demographic Yearbook 2020 and Secretariat for the Pacific Community (SPC) for small countries or areas, last accessed July 2022.",97.4
430,Liberia,2020,Sex ratio (males per 100 females),99.0,,"United Nations Population Division, New York, World Population Prospects: The 2022 Revision; supplemented by data from the United Nations Statistics Division, New York, Demographic Yearbook 2020 and Secretariat for the Pacific Community (SPC) for small countries or areas, last accessed July 2022.",99.0
434,Libya,2020,Sex ratio (males per 100 females),102.6,,"United Nations Population Division, New York, World Population Prospects: The 2022 Revision; supplemented by data from the United Nations Statistics Division, New York, Demographic Yearbook 2020 and Secretariat for the Pacific Community (SPC) for small countries or areas, last accessed July 2022.",102.6
438,Liechtenstein,2020,Sex ratio (males per 100 females),98.4,,"United Nations Population Division, New York, World Population Prospects: The 2022 Revision; supplemented by data from the United Nations Statistics Division, New York, Demographic Yearbook 2020 and Secretariat for the Pacific Community (SPC) for small countries or areas, last accessed July 2022.",98.4
440,Lithuania,2020,Sex ratio (males per 100 females),88.1,,"United Nations Population Division, New York, World Population Prospects: The 2022 Revision; supplemented by data from the United Nations Statistics Division, New York, Demographic Yearbook 2020 and Secretariat for the Pacific Community (SPC) for small countries or areas, last accessed July 2022.",88.1
442,Luxembourg,2020,Sex ratio (males per 100 females),101.3,,"United Nations Population Division, New York, World Population Prospects: The 2022 Revision; supplemented by data from the United Nations Statistics Division, New York, Demographic Yearbook 2020 and Secretariat for the Pacific Community (SPC) for small countries or areas, last accessed July 2022.",101.3
450,Madagascar,2020,Sex ratio (males per 100 females),100.5,,"United Nations Population Division, New York, World Population Prospects: The 2022 Revision; supplemented by data from the United Nations Statistics Division, New York, Demographic Yearbook 2020 and Secretariat for the Pacific Community (SPC) for small countries or areas, last accessed July 2022.",100.5
454,Malawi,2020,Sex ratio (males per 100 females),94.6,,"United Nations Population Division, New York, World Population Prospects: The 2022 Revision; supplemented by data from the United Nations Statistics Division, New York, Demographic Yearbook 2020 and Secretariat for the Pacific Community (SPC) for small countries or areas, last accessed July 2022.",94.6
458,Malaysia,2020,Sex ratio (males per 100 females),104.8,Including Sabah and Sarawak.,"United Nations Population Division, New York, World Population Prospects: The 2022 Revision; supplemented by data from the United Nations Statistics Division, New York, Demographic Yearbook 2020 and Secretariat for the Pacific Community (SPC) for small countries or areas, last accessed July 2022.",104.8
462,Maldives,2020,Sex ratio (males per 100 females),136.7,,"United Nations Population Division, New York, World Population Prospects: The 2022 Revision; supplemented by data from the United Nations Statistics Division, New York, Demographic Yearbook 2020 and Secretariat for the Pacific Community (SPC) for small countries or areas, last accessed July 2022.",136.7
466,Mali,2020,Sex ratio (males per 100 females),102.0,,"United Nations Population Division, New York, World Population Prospects: The 2022 Revision; supplemented by data from the United Nations Statistics Division, New York, Demographic Yearbook 2020 and Secretariat for the Pacific Community (SPC) for small countries or areas, last accessed July 2022.",102.0
470,Malta,2020,Sex ratio (males per 100 females),107.4,,"United Nations Population Division, New York, World Population Prospects: The 2022 Revision; supplemented by data from the United Nations Statistics Division, New York, Demographic Yearbook 2020 and Secretariat for the Pacific Community (SPC) for small countries or areas, last accessed July 2022.",107.4
584,Marshall Islands,2020,Sex ratio (males per 100 females),104.6,,"United Nations Population Division, New York, World Population Prospects: The 2022 Revision; supplemented by data from the United Nations Statistics Division, New York, Demographic Yearbook 2020 and Secretariat for the Pacific Community (SPC) for small countries or areas, last accessed July 2022.",104.6
474,Martinique,2020,Sex ratio (males per 100 females),85.4,"For statistical purposes, the data for France do not include this area.","United Nations Population Division, New York, World Population Prospects: The 2022 Revision; supplemented by data from the United Nations Statistics Division, New York, Demographic Yearbook 2020 and Secretariat for the Pacific Community (SPC) for small countries or areas, last accessed July 2022.",85.4
478,Mauritania,2020,Sex ratio (males per 100 females),95.9,,"United Nations Population Division, New York, World Population Prospects: The 2022 Revision; supplemented by data from the United Nations Statistics Division, New York, Demographic Yearbook 2020 and Secretariat for the Pacific Community (SPC) for small countries or areas, last accessed July 2022.",95.9
480,Mauritius,2020,Sex ratio (males per 100 females),97.6,"Including Agalega, Rodrigues and Saint Brandon.","United Nations Population Division, New York, World Population Prospects: The 2022 Revision; supplemented by data from the United Nations Statistics Division, New York, Demographic Yearbook 2020 and Secretariat for the Pacific Community (SPC) for small countries or areas, last accessed July 2022.",97.6
484,Mexico,2020,Sex ratio (males per 100 females),95.6,,"United Nations Population Division, New York, World Population Prospects: The 2022 Revision; supplemented by data from the United Nations Statistics Division, New York, Demographic Yearbook 2020 and Secretariat for the Pacific Community (SPC) for small countries or areas, last accessed July 2022.",95.6
583,Micronesia (Fed. States of),2020,Sex ratio (males per 100 females),101.3,,"United Nations Population Division, New York, World Population Prospects: The 2022 Revision; supplemented by data from the United Nations Statistics Division, New York, Demographic Yearbook 2020 and Secretariat for the Pacific Community (SPC) for small countries or areas, last accessed July 2022.",101.3
492,Monaco,2020,Sex ratio (males per 100 females),96.1,,"United Nations Population Division, New York, World Population Prospects: The 2022 Revision; supplemented by data from the United Nations Statistics Division, New York, Demographic Yearbook 2020 and Secretariat for the Pacific Community (SPC) for small countries or areas, last accessed July 2022.",96.1
496,Mongolia,2020,Sex ratio (males per 100 females),98.7,,"United Nations Population Division, New York, World Population Prospects: The 2022 Revision; supplemented by data from the United Nations Statistics Division, New York, Demographic Yearbook 2020 and Secretariat for the Pacific Community (SPC) for small countries or areas, last accessed July 2022.",98.7
499,Montenegro,2020,Sex ratio (males per 100 females),95.1,,"United Nations Population Division, New York, World Population Prospects: The 2022 Revision; supplemented by data from the United Nations Statistics Division, New York, Demographic Yearbook 2020 and Secretariat for the Pacific Community (SPC) for small countries or areas, last accessed July 2022.",95.1
500,Montserrat,2020,Sex ratio (males per 100 females),110.6,"For statistical purposes, the data for United Kingdom do not include this area.","United Nations Population Division, New York, World Population Prospects: The 2022 Revision; supplemented by data from the United Nations Statistics Division, New York, Demographic Yearbook 2020 and Secretariat for the Pacific Community (SPC) for small countries or areas, last accessed July 2022.",110.6
504,Morocco,2020,Sex ratio (males per 100 females),101.4,,"United Nations Population Division, New York, World Population Prospects: The 2022 Revision; supplemented by data from the United Nations Statistics Division, New York, Demographic Yearbook 2020 and Secretariat for the Pacific Community (SPC) for small countries or areas, last accessed July 2022.",101.4
508,Mozambique,2020,Sex ratio (males per 100 females),96.3,,"United Nations Population Division, New York, World Population Prospects: The 2022 Revision; supplemented by data from the United Nations Statistics Division, New York, Demographic Yearbook 2020 and Secretariat for the Pacific Community (SPC) for small countries or areas, last accessed July 2022.",96.3
104,Myanmar,2020,Sex ratio (males per 100 females),99.2,,"United Nations Population Division, New York, World Population Prospects: The 2022 Revision; supplemented by data from the United Nations Statistics Division, New York, Demographic Yearbook 2020 and Secretariat for the Pacific Community (SPC) for small countries or areas, last accessed July 2022.",99.2
516,Namibia,2020,Sex ratio (males per 100 females),93.3,,"United Nations Population Division, New York, World Population Prospects: The 2022 Revision; supplemented by data from the United Nations Statistics Division, New York, Demographic Yearbook 2020 and Secretariat for the Pacific Community (SPC) for small countries or areas, last accessed July 2022.",93.3
520,Nauru,2020,Sex ratio (males per 100 females),103.6,,"United Nations Population Division, New York, World Population Prospects: The 2022 Revision; supplemented by data from the United Nations Statistics Division, New York, Demographic Yearbook 2020 and Secretariat for the Pacific Community (SPC) for small countries or areas, last accessed July 2022.",103.6
524,Nepal,2020,Sex ratio (males per 100 females),91.0,,"United Nations Population Division, New York, World Population Prospects: The 2022 Revision; supplemented by data from the United Nations Statistics Division, New York, Demographic Yearbook 2020 and Secretariat for the Pacific Community (SPC) for small countries or areas, last accessed July 2022.",91.0
528,Netherlands,2020,Sex ratio (males per 100 females),98.7,"For statistical purposes, the data for Netherlands do not include Aruba, Bonaire, Sint Eustatius and Saba, Curaçao, and Sint Maarten (Dutch part).","United Nations Population Division, New York, World Population Prospects: The 2022 Revision; supplemented by data from the United Nations Statistics Division, New York, Demographic Yearbook 2020 and Secretariat for the Pacific Community (SPC) for small countries or areas, last accessed July 2022.",98.7
540,New Caledonia,2020,Sex ratio (males per 100 females),99.4,"For statistical purposes, the data for France do not include this area.","United Nations Population Division, New York, World Population Prospects: The 2022 Revision; supplemented by data from the United Nations Statistics Division, New York, Demographic Yearbook 2020 and Secretariat for the Pacific Community (SPC) for small countries or areas, last accessed July 2022.",99.4
554,New Zealand,2020,Sex ratio (males per 100 females),98.2,"For statistical purposes, the data for New Zealand do not include Cook Islands, Niue, and Tokelau.","United Nations Population Division, New York, World Population Prospects: The 2022 Revision; supplemented by data from the United Nations Statistics Division, New York, Demographic Yearbook 2020 and Secretariat for the Pacific Community (SPC) for small countries or areas, last accessed July 2022.",98.2
558,Nicaragua,2020,Sex ratio (males per 100 females),97.2,,"United Nations Population Division, New York, World Population Prospects: The 2022 Revision; supplemented by data from the United Nations Statistics Division, New York, Demographic Yearbook 2020 and Secretariat for the Pacific Community (SPC) for small countries or areas, last accessed July 2022.",97.2
562,Niger,2020,Sex ratio (males per 100 females),102.9,,"United Nations Population Division, New York, World Population Prospects: The 2022 Revision; supplemented by data from the United Nations Statistics Division, New York, Demographic Yearbook 2020 and Secretariat for the Pacific Community (SPC) for small countries or areas, last accessed July 2022.",102.9
566,Nigeria,2020,Sex ratio (males per 100 females),102.1,,"United Nations Population Division, New York, World Population Prospects: The 2022 Revision; supplemented by data from the United Nations Statistics Division, New York, Demographic Yearbook 2020 and Secretariat for the Pacific Community (SPC) for small countries or areas, last accessed July 2022.",102.1
570,Niue,2020,Sex ratio (males per 100 females),89.7,"For statistical purposes, the data for New Zealand do not include this area.","United Nations Population Division, New York, World Population Prospects: The 2022 Revision; supplemented by data from the United Nations Statistics Division, New York, Demographic Yearbook 2020 and Secretariat for the Pacific Community (SPC) for small countries or areas, last accessed July 2022.",89.7
807,North Macedonia,2020,Sex ratio (males per 100 females),99.5,,"United Nations Population Division, New York, World Population Prospects: The 2022 Revision; supplemented by data from the United Nations Statistics Division, New York, Demographic Yearbook 2020 and Secretariat for the Pacific Community (SPC) for small countries or areas, last accessed July 2022.",99.5
580,Northern Mariana Islands,2020,Sex ratio (males per 100 females),116.0,"For statistical purposes, the data for United States of America do not include this area.","United Nations Population Division, New York, World Population Prospects: The 2022 Revision; supplemented by data from the United Nations Statistics Division, New York, Demographic Yearbook 2020 and Secretariat for the Pacific Community (SPC) for small countries or areas, last accessed July 2022.",116.0
578,Norway,2020,Sex ratio (males per 100 females),101.7,Including Svalbard and Jan Mayen Islands.,"United Nations Population Division, New York, World Population Prospects: The 2022 Revision; supplemented by data from the United Nations Statistics Division, New York, Demographic Yearbook 2020 and Secretariat for the Pacific Community (SPC) for small countries or areas, last accessed July 2022.",101.7
512,Oman,2020,Sex ratio (males per 100 females),163.8,,"United Nations Population Division, New York, World Population Prospects: The 2022 Revision; supplemented by data from the United Nations Statistics Division, New York, Demographic Yearbook 2020 and Secretariat for the Pacific Community (SPC) for small countries or areas, last accessed July 2022.",163.8
586,Pakistan,2020,Sex ratio (males per 100 females),102.2,,"United Nations Population Division, New York, World Population Prospects: The 2022 Revision; supplemented by data from the United Nations Statistics Division, New York, Demographic Yearbook 2020 and Secretariat for the Pacific Community (SPC) for small countries or areas, last accessed July 2022.",102.2
585,Palau,2020,Sex ratio (males per 100 females),109.1,,"United Nations Population Division, New York, World Population Prospects: The 2022 Revision; supplemented by data from the United Nations Statistics Division, New York, Demographic Yearbook 2020 and Secretariat for the Pacific Community (SPC) for small countries or areas, last accessed July 2022.",109.1
591,Panama,2020,Sex ratio (males per 100 females),100.2,,"United Nations Population Division, New York, World Population Prospects: The 2022 Revision; supplemented by data from the United Nations Statistics Division, New York, Demographic Yearbook 2020 and Secretariat for the Pacific Community (SPC) for small countries or areas, last accessed July 2022.",100.2
598,Papua New Guinea,2020,Sex ratio (males per 100 females),107.0,,"United Nations Population Division, New York, World Population Prospects: The 2022 Revision; supplemented by data from the United Nations Statistics Division, New York, Demographic Yearbook 2020 and Secretariat for the Pacific Community (SPC) for small countries or areas, last accessed July 2022.",107.0
600,Paraguay,2020,Sex ratio (males per 100 females),100.9,,"United Nations Population Division, New York, World Population Prospects: The 2022 Revision; supplemented by data from the United Nations Statistics Division, New York, Demographic Yearbook 2020 and Secretariat for the Pacific Community (SPC) for small countries or areas, last accessed July 2022.",100.9
604,Peru,2020,Sex ratio (males per 100 females),98.2,,"United Nations Population Division, New York, World Population Prospects: The 2022 Revision; supplemented by data from the United Nations Statistics Division, New York, Demographic Yearbook 2020 and Secretariat for the Pacific Community (SPC) for small countries or areas, last accessed July 2022.",98.2
608,Philippines,2020,Sex ratio (males per 100 females),103.1,,"United Nations Population Division, New York, World Population Prospects: The 2022 Revision; supplemented by data from the United Nations Statistics Division, New York, Demographic Yearbook 2020 and Secretariat for the Pacific Community (SPC) for small countries or areas, last accessed July 2022.",103.1
616,Poland,2020,Sex ratio (males per 100 females),93.7,,"United Nations Population Division, New York, World Population Prospects: The 2022 Revision; supplemented by data from the United Nations Statistics Division, New York, Demographic Yearbook 2020 and Secretariat for the Pacific Community (SPC) for small countries or areas, last accessed July 2022.",93.7
620,Portugal,2020,Sex ratio (males per 100 females),89.4,,"United Nations Population Division, New York, World Population Prospects: The 2022 Revision; supplemented by data from the United Nations Statistics Division, New York, Demographic Yearbook 2020 and Secretariat for the Pacific Community (SPC) for small countries or areas, last accessed July 2022.",89.4
630,Puerto Rico,2020,Sex ratio (males per 100 females),89.8,,"United Nations Population Division, New York, World Population Prospects: The 2022 Revision; supplemented by data from the United Nations Statistics Division, New York, Demographic Yearbook 2020 and Secretariat for the Pacific Community (SPC) for small countries or areas, last accessed July 2022.",89.8
634,Qatar,2020,Sex ratio (males per 100 females),265.6,,"United Nations Population Division, New York, World Population Prospects: The 2022 Revision; supplemented by data from the United Nations Statistics Division, New York, Demographic Yearbook 2020 and Secretariat for the Pacific Community (SPC) for small countries or areas, last accessed July 2022.",265.6
410,Republic of Korea,2020,Sex ratio (males per 100 females),99.8,,"United Nations Population Division, New York, World Population Prospects: The 2022 Revision; supplemented by data from the United Nations Statistics Division, New York, Demographic Yearbook 2020 and Secretariat for the Pacific Community (SPC) for small countries or areas, last accessed July 2022.",99.8
498,Republic of Moldova,2020,Sex ratio (males per 100 females),90.5,Including the Transnistria region.,"United Nations Population Division, New York, World Population Prospects: The 2022 Revision; supplemented by data from the United Nations Statistics Division, New York, Demographic Yearbook 2020 and Secretariat for the Pacific Community (SPC) for small countries or areas, last accessed July 2022.",90.5
638,Réunion,2020,Sex ratio (males per 100 females),93.2,"For statistical purposes, the data for France do not include this area.","United Nations Population Division, New York, World Population Prospects: The 2022 Revision; supplemented by data from the United Nations Statistics Division, New York, Demographic Yearbook 2020 and Secretariat for the Pacific Community (SPC) for small countries or areas, last accessed July 2022.",93.2
642,Romania,2020,Sex ratio (males per 100 females),93.7,,"United Nations Population Division, New York, World Population Prospects: The 2022 Revision; supplemented by data from the United Nations Statistics Division, New York, Demographic Yearbook 2020 and Secretariat for the Pacific Community (SPC) for small countries or areas, last accessed July 2022.",93.7
643,Russian Federation,2020,Sex ratio (males per 100 females),86.8,,"United Nations Population Division, New York, World Population Prospects: The 2022 Revision; supplemented by data from the United Nations Statistics Division, New York, Demographic Yearbook 2020 and Secretariat for the Pacific Community (SPC) for small countries or areas, last accessed July 2022.",86.8
646,Rwanda,2020,Sex ratio (males per 100 females),95.5,,"United Nations Population Division, New York, World Population Prospects: The 2022 Revision; supplemented by data from the United Nations Statistics Division, New York, Demographic Yearbook 2020 and Secretariat for the Pacific Community (SPC) for small countries or areas, last accessed July 2022.",95.5
654,Saint Helena,2020,Sex ratio (males per 100 females),103.0,"Including Ascension and Tristan da Cunha. For statistical purposes, the data for United Kingdom do not include this area.","United Nations Population Division, New York, World Population Prospects: The 2022 Revision; supplemented by data from the United Nations Statistics Division, New York, Demographic Yearbook 2020 and Secretariat for the Pacific Community (SPC) for small countries or areas, last accessed July 2022.",103.0
659,Saint Kitts and Nevis,2020,Sex ratio (males per 100 females),93.9,,"United Nations Population Division, New York, World Population Prospects: The 2022 Revision; supplemented by data from the United Nations Statistics Division, New York, Demographic Yearbook 2020 and Secretariat for the Pacific Community (SPC) for small countries or areas, last accessed July 2022.",93.9
662,Saint Lucia,2020,Sex ratio (males per 100 females),98.2,,"United Nations Population Division, New York, World Population Prospects: The 2022 Revision; supplemented by data from the United Nations Statistics Division, New York, Demographic Yearbook 2020 and Secretariat for the Pacific Community (SPC) for small countries or areas, last accessed July 2022.",98.2
666,Saint Pierre and Miquelon,2020,Sex ratio (males per 100 females),99.1,"For statistical purposes, the data for France do not include this area.","United Nations Population Division, New York, World Population Prospects: The 2022 Revision; supplemented by data from the United Nations Statistics Division, New York, Demographic Yearbook 2020 and Secretariat for the Pacific Community (SPC) for small countries or areas, last accessed July 2022.",99.1
670,Saint Vincent & Grenadines,2020,Sex ratio (males per 100 females),104.4,,"United Nations Population Division, New York, World Population Prospects: The 2022 Revision; supplemented by data from the United Nations Statistics Division, New York, Demographic Yearbook 2020 and Secretariat for the Pacific Community (SPC) for small countries or areas, last accessed July 2022.",104.4
882,Samoa,2020,Sex ratio (males per 100 females),104.1,,"United Nations Population Division, New York, World Population Prospects: The 2022 Revision; supplemented by data from the United Nations Statistics Division, New York, Demographic Yearbook 2020 and Secretariat for the Pacific Community (SPC) for small countries or areas, last accessed July 2022.",104.1
674,San Marino,2020,Sex ratio (males per 100 females),94.9,,"United Nations Population Division, New York, World Population Prospects: The 2022 Revision; supplemented by data from the United Nations Statistics Division, New York, Demographic Yearbook 2020 and Secretariat for the Pacific Community (SPC) for small countries or areas, last accessed July 2022.",94.9
678,Sao Tome and Principe,2020,Sex ratio (males per 100 females),99.6,,"United Nations Population Division, New York, World Population Prospects: The 2022 Revision; supplemented by data from the United Nations Statistics Division, New York, Demographic Yearbook 2020 and Secretariat for the Pacific Community (SPC) for small countries or areas, last accessed July 2022.",99.6
682,Saudi Arabia,2020,Sex ratio (males per 100 females),138.2,,"United Nations Population Division, New York, World Population Prospects: The 2022 Revision; supplemented by data from the United Nations Statistics Division, New York, Demographic Yearbook 2020 and Secretariat for the Pacific Community (SPC) for small countries or areas, last accessed July 2022.",138.2
686,Senegal,2020,Sex ratio (males per 100 females),96.6,,"United Nations Population Division, New York, World Population Prospects: The 2022 Revision; supplemented by data from the United Nations Statistics Division, New York, Demographic Yearbook 2020 and Secretariat for the Pacific Community (SPC) for small countries or areas, last accessed July 2022.",96.6
688,Serbia,2020,Sex ratio (males per 100 females),92.1,Excluding Kosovo.,"United Nations Population Division, New York, World Population Prospects: The 2022 Revision; supplemented by data from the United Nations Statistics Division, New York, Demographic Yearbook 2020 and Secretariat for the Pacific Community (SPC) for small countries or areas, last accessed July 2022.",92.1
690,Seychelles,2020,Sex ratio (males per 100 females),111.3,,"United Nations Population Division, New York, World Population Prospects: The 2022 Revision; supplemented by data from the United Nations Statistics Division, New York, Demographic Yearbook 2020 and Secretariat for the Pacific Community (SPC) for small countries or areas, last accessed July 2022.",111.3
694,Sierra Leone,2020,Sex ratio (males per 100 females),100.4,,"United Nations Population Division, New York, World Population Prospects: The 2022 Revision; supplemented by data from the United Nations Statistics Division, New York, Demographic Yearbook 2020 and Secretariat for the Pacific Community (SPC) for small countries or areas, last accessed July 2022.",100.4
702,Singapore,2020,Sex ratio (males per 100 females),109.6,,"United Nations Population Division, New York, World Population Prospects: The 2022 Revision; supplemented by data from the United Nations Statistics Division, New York, Demographic Yearbook 2020 and Secretariat for the Pacific Community (SPC) for small countries or areas, last accessed July 2022.",109.6
534,Sint Maarten (Dutch part),2020,Sex ratio (males per 100 females),114.4,"For statistical purposes, the data for Netherlands do not include this area.","United Nations Population Division, New York, World Population Prospects: The 2022 Revision; supplemented by data from the United Nations Statistics Division, New York, Demographic Yearbook 2020 and Secretariat for the Pacific Community (SPC) for small countries or areas, last accessed July 2022.",114.4
703,Slovakia,2020,Sex ratio (males per 100 females),95.4,,"United Nations Population Division, New York, World Population Prospects: The 2022 Revision; supplemented by data from the United Nations Statistics Division, New York, Demographic Yearbook 2020 and Secretariat for the Pacific Community (SPC) for small countries or areas, last accessed July 2022.",95.4
705,Slovenia,2020,Sex ratio (males per 100 females),100.8,,"United Nations Population Division, New York, World Population Prospects: The 2022 Revision; supplemented by data from the United Nations Statistics Division, New York, Demographic Yearbook 2020 and Secretariat for the Pacific Community (SPC) for small countries or areas, last accessed July 2022.",100.8
90,Solomon Islands,2020,Sex ratio (males per 100 females),104.5,,"United Nations Population Division, New York, World Population Prospects: The 2022 Revision; supplemented by data from the United Nations Statistics Division, New York, Demographic Yearbook 2020 and Secretariat for the Pacific Community (SPC) for small countries or areas, last accessed July 2022.",104.5
706,Somalia,2020,Sex ratio (males per 100 females),100.5,,"United Nations Population Division, New York, World Population Prospects: The 2022 Revision; supplemented by data from the United Nations Statistics Division, New York, Demographic Yearbook 2020 and Secretariat for the Pacific Community (SPC) for small countries or areas, last accessed July 2022.",100.5
710,South Africa,2020,Sex ratio (males per 100 females),94.6,,"United Nations Population Division, New York, World Population Prospects: The 2022 Revision; supplemented by data from the United Nations Statistics Division, New York, Demographic Yearbook 2020 and Secretariat for the Pacific Community (SPC) for small countries or areas, last accessed July 2022.",94.6
724,Spain,2020,Sex ratio (males per 100 females),96.1,"Including Canary Islands, Ceuta and Melilla.","United Nations Population Division, New York, World Population Prospects: The 2022 Revision; supplemented by data from the United Nations Statistics Division, New York, Demographic Yearbook 2020 and Secretariat for the Pacific Community (SPC) for small countries or areas, last accessed July 2022.",96.1
144,Sri Lanka,2020,Sex ratio (males per 100 females),93.0,,"United Nations Population Division, New York, World Population Prospects: The 2022 Revision; supplemented by data from the United Nations Statistics Division, New York, Demographic Yearbook 2020 and Secretariat for the Pacific Community (SPC) for small countries or areas, last accessed July 2022.",93.0
275,State of Palestine,2020,Sex ratio (males per 100 females),99.4,Including East Jerusalem.,"United Nations Population Division, New York, World Population Prospects: The 2022 Revision; supplemented by data from the United Nations Statistics Division, New York, Demographic Yearbook 2020 and Secretariat for the Pacific Community (SPC) for small countries or areas, last accessed July 2022.",99.4
740,Suriname,2020,Sex ratio (males per 100 females),99.4,,"United Nations Population Division, New York, World Population Prospects: The 2022 Revision; supplemented by data from the United Nations Statistics Division, New York, Demographic Yearbook 2020 and Secretariat for the Pacific Community (SPC) for small countries or areas, last accessed July 2022.",99.4
752,Sweden,2020,Sex ratio (males per 100 females),101.3,,"United Nations Population Division, New York, World Population Prospects: The 2022 Revision; supplemented by data from the United Nations Statistics Division, New York, Demographic Yearbook 2020 and Secretariat for the Pacific Community (SPC) for small countries or areas, last accessed July 2022.",101.3
756,Switzerland,2020,Sex ratio (males per 100 females),98.5,,"United Nations Population Division, New York, World Population Prospects: The 2022 Revision; supplemented by data from the United Nations Statistics Division, New York, Demographic Yearbook 2020 and Secretariat for the Pacific Community (SPC) for small countries or areas, last accessed July 2022.",98.5
760,Syrian Arab Republic,2020,Sex ratio (males per 100 females),100.4,,"United Nations Population Division, New York, World Population Prospects: The 2022 Revision; supplemented by data from the United Nations Statistics Division, New York, Demographic Yearbook 2020 and Secretariat for the Pacific Community (SPC) for small countries or areas, last accessed July 2022.",100.4
762,Tajikistan,2020,Sex ratio (males per 100 females),101.3,,"United Nations Population Division, New York, World Population Prospects: The 2022 Revision; supplemented by data from the United Nations Statistics Division, New York, Demographic Yearbook 2020 and Secretariat for the Pacific Community (SPC) for small countries or areas, last accessed July 2022.",101.3
764,Thailand,2020,Sex ratio (males per 100 females),94.7,,"United Nations Population Division, New York, World Population Prospects: The 2022 Revision; supplemented by data from the United Nations Statistics Division, New York, Demographic Yearbook 2020 and Secretariat for the Pacific Community (SPC) for small countries or areas, last accessed July 2022.",94.7
626,Timor-Leste,2020,Sex ratio (males per 100 females),104.1,,"United Nations Population Division, New York, World Population Prospects: The 2022 Revision; supplemented by data from the United Nations Statistics Division, New York, Demographic Yearbook 2020 and Secretariat for the Pacific Community (SPC) for small countries or areas, last accessed July 2022.",104.1
768,Togo,2020,Sex ratio (males per 100 females),101.0,,"United Nations Population Division, New York, World Population Prospects: The 2022 Revision; supplemented by data from the United Nations Statistics Division, New York, Demographic Yearbook 2020 and Secretariat for the Pacific Community (SPC) for small countries or areas, last accessed July 2022.",101.0
772,Tokelau,2020,Sex ratio (males per 100 females),99.6,"For statistical purposes, the data for New Zealand do not include this area.","United Nations Population Division, New York, World Population Prospects: The 2022 Revision; supplemented by data from the United Nations Statistics Division, New York, Demographic Yearbook 2020 and Secretariat for the Pacific Community (SPC) for small countries or areas, last accessed July 2022.",99.6
776,Tonga,2020,Sex ratio (males per 100 females),98.0,,"United Nations Population Division, New York, World Population Prospects: The 2022 Revision; supplemented by data from the United Nations Statistics Division, New York, Demographic Yearbook 2020 and Secretariat for the Pacific Community (SPC) for small countries or areas, last accessed July 2022.",98.0
780,Trinidad and Tobago,2020,Sex ratio (males per 100 females),97.4,,"United Nations Population Division, New York, World Population Prospects: The 2022 Revision; supplemented by data from the United Nations Statistics Division, New York, Demographic Yearbook 2020 and Secretariat for the Pacific Community (SPC) for small countries or areas, last accessed July 2022.",97.4
788,Tunisia,2020,Sex ratio (males per 100 females),97.8,,"United Nations Population Division, New York, World Population Prospects: The 2022 Revision; supplemented by data from the United Nations Statistics Division, New York, Demographic Yearbook 2020 and Secretariat for the Pacific Community (SPC) for small countries or areas, last accessed July 2022.",97.8
792,Türkiye,2020,Sex ratio (males per 100 females),100.5,,"United Nations Population Division, New York, World Population Prospects: The 2022 Revision; supplemented by data from the United Nations Statistics Division, New York, Demographic Yearbook 2020 and Secretariat for the Pacific Community (SPC) for small countries or areas, last accessed July 2022.",100.5
795,Turkmenistan,2020,Sex ratio (males per 100 females),98.2,,"United Nations Population Division, New York, World Population Prospects: The 2022 Revision; supplemented by data from the United Nations Statistics Division, New York, Demographic Yearbook 2020 and Secretariat for the Pacific Community (SPC) for small countries or areas, last accessed July 2022.",98.2
796,Turks and Caicos Islands,2020,Sex ratio (males per 100 females),101.7,"For statistical purposes, the data for United Kingdom do not include this area.","United Nations Population Division, New York, World Population Prospects: The 2022 Revision; supplemented by data from the United Nations Statistics Division, New York, Demographic Yearbook 2020 and Secretariat for the Pacific Community (SPC) for small countries or areas, last accessed July 2022.",101.7
798,Tuvalu,2020,Sex ratio (males per 100 females),106.2,,"United Nations Population Division, New York, World Population Prospects: The 2022 Revision; supplemented by data from the United Nations Statistics Division, New York, Demographic Yearbook 2020 and Secretariat for the Pacific Community (SPC) for small countries or areas, last accessed July 2022.",106.2
800,Uganda,2020,Sex ratio (males per 100 females),98.0,,"United Nations Population Division, New York, World Population Prospects: The 2022 Revision; supplemented by data from the United Nations Statistics Division, New York, Demographic Yearbook 2020 and Secretariat for the Pacific Community (SPC) for small countries or areas, last accessed July 2022.",98.0
804,Ukraine,2020,Sex ratio (males per 100 females),86.2,Including Crimea.,"United Nations Population Division, New York, World Population Prospects: The 2022 Revision; supplemented by data from the United Nations Statistics Division, New York, Demographic Yearbook 2020 and Secretariat for the Pacific Community (SPC) for small countries or areas, last accessed July 2022.",86.2
784,United Arab Emirates,2020,Sex ratio (males per 100 females),230.3,,"United Nations Population Division, New York, World Population Prospects: The 2022 Revision; supplemented by data from the United Nations Statistics Division, New York, Demographic Yearbook 2020 and Secretariat for the Pacific Community (SPC) for small countries or areas, last accessed July 2022.",230.3
826,United Kingdom,2020,Sex ratio (males per 100 females),97.6,"Refers to the United Kingdom of Great Britain and Northern Ireland. For statistical purposes, the data for United Kingdom do not include Anguilla, Bermuda, British Virgin Islands, Cayman Islands, Channel Islands, Falkland Islands (Malvinas), Gibraltar, Isle of Man, Montserrat, Saint Helena, Turks and Caicos Islands.","United Nations Population Division, New York, World Population Prospects: The 2022 Revision; supplemented by data from the United Nations Statistics Division, New York, Demographic Yearbook 2020 and Secretariat for the Pacific Community (SPC) for small countries or areas, last accessed July 2022.",97.6
834,United Rep. of Tanzania,2020,Sex ratio (males per 100 females),97.6,Including Zanzibar.,"United Nations Population Division, New York, World Population Prospects: The 2022 Revision; supplemented by data from the United Nations Statistics Division, New York, Demographic Yearbook 2020 and Secretariat for the Pacific Community (SPC) for small countries or areas, last accessed July 2022.",97.6
840,United States of America,2020,Sex ratio (males per 100 females),98.3,"For statistical purposes, the data for United States of America do not include American Samoa, Guam, Northern Mariana Islands, Puerto Rico, and United States Virgin Islands.","United Nations Population Division, New York, World Population Prospects: The 2022 Revision; supplemented by data from the United Nations Statistics Division, New York, Demographic Yearbook 2020 and Secretariat for the Pacific Community (SPC) for small countries or areas, last accessed July 2022.",98.3
850,United States Virgin Islands,2020,Sex ratio (males per 100 females),88.4,"For statistical purposes, the data for United States of America do not include this area.","United Nations Population Division, New York, World Population Prospects: The 2022 Revision; supplemented by data from the United Nations Statistics Division, New York, Demographic Yearbook 2020 and Secretariat for the Pacific Community (SPC) for small countries or areas, last accessed July 2022.",88.4
858,Uruguay,2020,Sex ratio (males per 100 females),93.9,,"United Nations Population Division, New York, World Population Prospects: The 2022 Revision; supplemented by data from the United Nations Statistics Division, New York, Demographic Yearbook 2020 and Secretariat for the Pacific Community (SPC) for small countries or areas, last accessed July 2022.",93.9
860,Uzbekistan,2020,Sex ratio (males per 100 females),100.1,,"United Nations Population Division, New York, World Population Prospects: The 2022 Revision; supplemented by data from the United Nations Statistics Division, New York, Demographic Yearbook 2020 and Secretariat for the Pacific Community (SPC) for small countries or areas, last accessed July 2022.",100.1
548,Vanuatu,2020,Sex ratio (males per 100 females),101.2,,"United Nations Population Division, New York, World Population Prospects: The 2022 Revision; supplemented by data from the United Nations Statistics Division, New York, Demographic Yearbook 2020 and Secretariat for the Pacific Community (SPC) for small countries or areas, last accessed July 2022.",101.2
862,Venezuela (Boliv. Rep. of),2020,Sex ratio (males per 100 females),98.2,,"United Nations Population Division, New York, World Population Prospects: The 2022 Revision; supplemented by data from the United Nations Statistics Division, New York, Demographic Yearbook 2020 and Secretariat for the Pacific Community (SPC) for small countries or areas, last accessed July 2022.",98.2
704,Viet Nam,2020,Sex ratio (males per 100 females),97.6,,"United Nations Population Division, New York, World Population Prospects: The 2022 Revision; supplemented by data from the United Nations Statistics Division, New York, Demographic Yearbook 2020 and Secretariat for the Pacific Community (SPC) for small countries or areas, last accessed July 2022.",97.6
876,Wallis and Futuna Islands,2020,Sex ratio (males per 100 females),93.0,"For statistical purposes, the data for France do not include this area.","United Nations Population Division, New York, World Population Prospects: The 2022 Revision; supplemented by data from the United Nations Statistics Division, New York, Demographic Yearbook 2020 and Secretariat for the Pacific Community (SPC) for small countries or areas, last accessed July 2022.",93.0
732,Western Sahara,2020,Sex ratio (males per 100 females),123.4,,"United Nations Population Division, New York, World Population Prospects: The 2022 Revision; supplemented by data from the United Nations Statistics Division, New York, Demographic Yearbook 2020 and Secretariat for the Pacific Community (SPC) for small countries or areas, last accessed July 2022.",123.4
887,Yemen,2020,Sex ratio (males per 100 females),102.2,,"United Nations Population Division, New York, World Population Prospects: The 2022 Revision; supplemented by data from the United Nations Statistics Division, New York, Demographic Yearbook 2020 and Secretariat for the Pacific Community (SPC) for small countries or areas, last accessed July 2022.",102.2
894,Zambia,2020,Sex ratio (males per 100 females),97.4,,"United Nations Population Division, New York, World Population Prospects: The 2022 Revision; supplemented by data from the United Nations Statistics Division, New York, Demographic Yearbook 2020 and Secretariat for the Pacific Community (SPC) for small countries or areas, last accessed July 2022.",97.4
716,Zimbabwe,2020,Sex ratio (males per 100 females),89.1,,"United Nations Population Division, New York, World Population Prospects: The 2022 Revision; supplemented by data from the United Nations Statistics Division, New York, Demographic Yearbook 2020 and Secretariat for the Pacific Community (SPC) for small countries or areas, last accessed July 2022.",89.1
